Summary,Test Type,Epic,Feature,Story,Test Sets,JIRA Keys,Step Action,Step Data,Step Expected
"Buy ticket with Classic menu - Grancasa","Automatic","Cinesa Platform","Bar & Food Services","Compra con Menú Clásico - 1 entrada","Bar & Food Services","","Navigate to https://www.cinesa.es;Wait for #onetrust-banner-sdk to be visible;Click #onetrust-accept-btn-handler (with overlay handling);Click nav.header-nav a[href=""/cines/""] (with overlay handling);Selecting Grancasa cinema;Getting list of film names from cinema detail page;Selecting film with name ""Bugonia"";Selecting showtime ""19:15P. M.Sala 2"";Waiting for seats to be ready;Waiting for seats to be ready;Waiting for seat picker container",";;;;;;;;;;","Step completes successfully;Element should be visible;Click action completes;Click action completes;Selection completes successfully;Step completes successfully;Selection completes successfully;Selection completes successfully;Page loads successfully;Page loads successfully;Page loads successfully"
"Cinesa Luxe page display and layout","Automatic","Cinesa Platform","Footer - Site Navigation","Cinesa Luxe page display and layout","Footer - Site Navigation","","Navigate to https://www.cinesa.es;Wait for #onetrust-banner-sdk to be visible;Click on a[href=""/experiencias/luxe/""];Taking screenshot",";;;","Step completes successfully;Element should be visible;Click action completes;Step completes successfully"
"Code of Conduct page redirection test","Automatic","Cinesa Platform","Footer - Site Navigation","Code of Conduct navigation and URL validation","Footer - Site Navigation","","Navigate to https://www.cinesa.es;Wait for #onetrust-banner-sdk to be visible;Click #onetrust-accept-btn-handler (with overlay handling);Click on a[href=""/quienes-somos/codigo-de-conducta-y-etica-empresariales""]",";;;","Step completes successfully;Element should be visible;Click action completes;Click action completes"
"Programs page display and layout","Automatic","Cinesa Platform","Loyalty Programs - Rewards","Programs page display and layout","Loyalty Programs - Rewards","","TC: https://se-ocg.atlassian.net/browse/COMS-16804;Navigate to https://www.cinesa.es;Wait for #onetrust-banner-sdk to be visible;Click #onetrust-accept-btn-handler (with overlay handling);Click nav.header-nav a[href=""/programas/""] (with overlay handling);Taking screenshot",";;;;;","Step completes successfully;Step completes successfully;Element should be visible;Click action completes;Click action completes;Step completes successfully"
"Blog de Cinesa page redirection test","Automatic","Cinesa Platform","Footer - Site Navigation","Blog de Cinesa navigation and URL validation","Footer - Site Navigation","","Navigate to https://www.cinesa.es;Wait for #onetrust-banner-sdk to be visible;Click on a[href=""/blog-cinesa/""];Validating Blog de Cinesa page URL",";;;","Step completes successfully;Element should be visible;Click action completes;Navigation completes successfully"
"Android App Download redirection test","Automatic","Cinesa Platform","Footer - Site Navigation","Android App Download navigation and URL validation","Footer - Site Navigation","","Navigate to https://www.cinesa.es;Wait for #onetrust-banner-sdk to be visible;Click #onetrust-accept-btn-handler (with overlay handling);Click on a[href=""https://play.google.com/store/apps/details?id=nz.co.vista.android.movie.cinesa""];Validating Android App Download page URL",";;;;","Step completes successfully;Element should be visible;Click action completes;Click action completes;Navigation completes successfully"
"Attempt to select seats leaving empty space between selection - Oasiz","Automatic","Cinesa Platform","Seat Picker - Seat Selection","Seat selection validation rules","Seat Picker - Seat Selection","","Navigate to https://www.cinesa.es;Wait for #onetrust-banner-sdk to be visible;Click #onetrust-accept-btn-handler (with overlay handling);TC: https://se-ocg.atlassian.net/browse/COMS-5620;Click nav.header-nav a[href=""/cines/""] (with overlay handling);Selecting Oasiz cinema;Getting list of film names from cinema detail page;Selecting film with name ""Bugonia"";Selecting showtime ""21:25P. M.Sala 6"";Waiting for seats to be ready;Waiting for seats to be ready;Waiting for seat picker container;Selecting seat [Row 1, Seat 2];Selecting seat [Row 1, Seat 4]",";;;;;;;;;;;;;","Step completes successfully;Element should be visible;Click action completes;Step completes successfully;Click action completes;Selection completes successfully;Step completes successfully;Selection completes successfully;Selection completes successfully;Page loads successfully;Page loads successfully;Page loads successfully;Selection completes successfully;Selection completes successfully"
"Attempt to select sofa seats leaving empty space between selection - Grancasa","Automatic","Cinesa Platform","Seat Picker - Seat Selection","D-BOX sofa seat selection and validation","Seat Picker - Seat Selection","","Navigate to https://www.cinesa.es;Wait for #onetrust-banner-sdk to be visible;Click #onetrust-accept-btn-handler (with overlay handling);TC: https://se-ocg.atlassian.net/browse/COMS-4853;Click nav.header-nav a[href=""/cines/""] (with overlay handling);Selecting Grancasa cinema;Getting list of film names from cinema detail page",";;;;;;","Step completes successfully;Element should be visible;Click action completes;Step completes successfully;Click action completes;Selection completes successfully;Step completes successfully"
"Navigate through Random Movies from All Movies","Automatic","Cinesa Platform","Movies - Content Catalog","Random movie navigation - All Movies tab","Movies - Content Catalog","","Navigate to https://www.cinesa.es;Wait for #onetrust-banner-sdk to be visible;Click #onetrust-accept-btn-handler (with overlay handling);Click on nav.header-nav a[href=""/peliculas/""];Wait for #onetrust-banner-sdk to be visible",";;;;","Step completes successfully;Element should be visible;Click action completes;Click action completes;Element should be visible"
"Full purchase with La Vanguardia promotional code - Oasiz","Automatic","Cinesa Platform","Seat Picker - Seat Selection","Promotional code application in booking flow","Seat Picker - Seat Selection","","Navigate to https://www.cinesa.es;Wait for #onetrust-banner-sdk to be visible;Click #onetrust-accept-btn-handler (with overlay handling);Click nav.header-nav a[href=""/cines/""] (with overlay handling);Selecting Oasiz cinema;Getting list of film names from cinema detail page;Selecting film with name ""Reversion"";Selecting showtime ""21:35P. M.Sala 2"";Waiting for seats to be ready;Waiting for seats to be ready;Waiting for seat picker container;Selecting seat [Row 6, Seat 18];Confirming selected seats;Wait for ""Continue as Guest"" button",";;;;;;;;;;;;;","Step completes successfully;Element should be visible;Click action completes;Click action completes;Selection completes successfully;Step completes successfully;Selection completes successfully;Selection completes successfully;Page loads successfully;Page loads successfully;Page loads successfully;Selection completes successfully;Selection completes successfully;Page loads successfully"
"Attempt to select sofa seats separating group in same row - Oasiz","Automatic","Cinesa Platform","Seat Picker - Seat Selection","D-BOX sofa seat selection and validation","Seat Picker - Seat Selection","","Navigate to https://www.cinesa.es;Wait for #onetrust-banner-sdk to be visible;TC: https://se-ocg.atlassian.net/browse/COMS-4853;Click nav.header-nav a[href=""/cines/""] (with overlay handling);Selecting Oasiz cinema;Getting list of film names from cinema detail page;Selecting film with name ""Predator: Badlands"";Accepting the D-BOX warning modal if present;Waiting for seat picker container;Selecting seat [Row 2, Seat 2];Selecting seat [Row 2, Seat 12]",";;;;;;;;;;","Step completes successfully;Element should be visible;Step completes successfully;Click action completes;Selection completes successfully;Step completes successfully;Selection completes successfully;Step completes successfully;Page loads successfully;Selection completes successfully;Selection completes successfully"
"Programs unlimited display and layout from URL","Automatic","Cinesa Platform","Loyalty Programs - Rewards","COMS-11226 - Unlimited programs page from URL","Loyalty Programs - Rewards","COMS-11226","TC: https://se-ocg.atlassian.net/browse/COMS-16804;Navigate to https://www.cinesa.es;Wait for #onetrust-banner-sdk to be visible;Click #onetrust-accept-btn-handler (with overlay handling);Navigate to https://www.cinesa.es/unlimited/informacion/;Wait for #onetrust-banner-sdk to be visible;Wait for .page-wrapper to be visible;Wait for .cards-container to be visible;Wait for .package-card >> nth=0 to be visible;Taking screenshot",";;;;;;;;;","Step completes successfully;Step completes successfully;Element should be visible;Click action completes;Step completes successfully;Element should be visible;Element should be visible;Element should be visible;Element should be visible;Step completes successfully"
"Programs unlimited display and layout from home page","Automatic","Cinesa Platform","Loyalty Programs - Rewards","COMS-11226 - Unlimited programs page from home","Loyalty Programs - Rewards","COMS-11226","TC: https://se-ocg.atlassian.net/browse/COMS-16804;Navigate to https://www.cinesa.es;Wait for #onetrust-banner-sdk to be visible;Click #onetrust-accept-btn-handler (with overlay handling);Click nav.header-nav a[href=""/programas/""] (with overlay handling);Wait for .grid-row >> nth=0 to be visible;Wait for .grid-row .grid-column:last-child .cta-button button to be visible;Click on .grid-row .grid-column:last-child .cta-button button;Wait for .page-wrapper to be visible;Wait for .cards-container to be visible;Wait for .package-card >> nth=0 to be visible;Taking screenshot",";;;;;;;;;;;","Step completes successfully;Step completes successfully;Element should be visible;Click action completes;Click action completes;Element should be visible;Element should be visible;Click action completes;Element should be visible;Element should be visible;Element should be visible;Step completes successfully"
"Movie Schema URL validation test - Bug Detection","Automatic","Cinesa Platform","Movies - Content Catalog","OCG-3316 - Movie Schema URL validation","Movies - Content Catalog","OCG-3316","Navigate to https://www.cinesa.es;Wait for #onetrust-banner-sdk to be visible;Click #onetrust-accept-btn-handler (with overlay handling);Click nav.header-nav a[href=""/cines/""] (with overlay handling);Selecting Oasiz cinema;Getting list of film names from cinema detail page;Extracting movie schema from page",";;;;;;","Step completes successfully;Element should be visible;Click action completes;Click action completes;Selection completes successfully;Step completes successfully;Step completes successfully"
"Navigate through Top Movies","Automatic","Cinesa Platform","Movies - Content Catalog","Navigation through Top Movies section","Movies - Content Catalog","","Navigate to https://www.cinesa.es;Wait for #onetrust-banner-sdk to be visible;Click #onetrust-accept-btn-handler (with overlay handling);Click on nav.header-nav a[href=""/peliculas/""];Wait for #onetrust-banner-sdk to be visible;Click .v-film-list-grid .v-film-list-film:nth-child(1) .v-film-list-film__link (with overlay handling)",";;;;;","Step completes successfully;Element should be visible;Click action completes;Click action completes;Element should be visible;Click action completes"
"Work With Us page redirection test","Automatic","Cinesa Platform","Footer - Site Navigation","Work With Us navigation and URL validation","Footer - Site Navigation","","Navigate to https://www.cinesa.es;Wait for #onetrust-banner-sdk to be visible;Click #onetrust-accept-btn-handler (with overlay handling);Click on a[href=""https://cinesa-uci.jobtrain.co.uk/cinesajobs/Home/Job""];Validating Work With Us page URL",";;;;","Step completes successfully;Element should be visible;Click action completes;Click action completes;Navigation completes successfully"
"Legal Notice page redirection test","Automatic","Cinesa Platform","Footer - Site Navigation","Legal Notice navigation and URL validation","Footer - Site Navigation","","Navigate to https://www.cinesa.es;Wait for #onetrust-banner-sdk to be visible;Click #onetrust-accept-btn-handler (with overlay handling);Click on a[href=""/documentos-legales/aviso-legal""]",";;;","Step completes successfully;Element should be visible;Click action completes;Click action completes"
"Oasiz Movie Schema validation test","Automatic","Cinesa Platform","Movies - Content Catalog","Movie Schema validation - Oasiz","Movies - Content Catalog","","Navigate to https://www.cinesa.es;Wait for #onetrust-banner-sdk to be visible;Click #onetrust-accept-btn-handler (with overlay handling);Click nav.header-nav a[href=""/cines/""] (with overlay handling);Selecting Oasiz cinema;Getting list of film names from cinema detail page;Extracting movie schema from page",";;;;;;","Step completes successfully;Element should be visible;Click action completes;Click action completes;Selection completes successfully;Step completes successfully;Step completes successfully"
"Cinesa Programs page redirection test","Automatic","Cinesa Platform","Loyalty Programs - Rewards","Programs page URL redirection validation","Loyalty Programs - Rewards","","TC: https://se-ocg.atlassian.net/browse/COMS-16804;Navigate to https://www.cinesa.es;Wait for #onetrust-banner-sdk to be visible;Click #onetrust-accept-btn-handler (with overlay handling);Click nav.header-nav a[href=""/programas/""] (with overlay handling);Verify Programs page redirection",";;;;;","Step completes successfully;Step completes successfully;Element should be visible;Click action completes;Click action completes;Programs page redirection is correct"
"Whistleblowing Policy redirection test","Automatic","Cinesa Platform","Footer - Site Navigation","Whistleblowing Policy PDF navigation and URL validation","Footer - Site Navigation","","Navigate to https://www.cinesa.es;Wait for #onetrust-banner-sdk to be visible;Click #onetrust-accept-btn-handler (with overlay handling);Click on a[href*=""whistleblowing-policy""];Validating Whistleblowing Policy PDF download",";;;;","Step completes successfully;Element should be visible;Click action completes;Click action completes;Step completes successfully"
"Full purchase with single seat - Grancasa","Automatic","Cinesa Platform","Seat Picker - Seat Selection","Complete purchase from seat selection","Seat Picker - Seat Selection","","Navigate to https://www.cinesa.es;Wait for #onetrust-banner-sdk to be visible;Click #onetrust-accept-btn-handler (with overlay handling);Click nav.header-nav a[href=""/cines/""] (with overlay handling);Selecting Grancasa cinema;Getting list of film names from cinema detail page;Selecting film with name ""Bugonia"";Selecting showtime ""22:00P. M.Sala 2"";Waiting for seats to be ready;Waiting for seats to be ready;Waiting for seat picker container",";;;;;;;;;;","Step completes successfully;Element should be visible;Click action completes;Click action completes;Selection completes successfully;Step completes successfully;Selection completes successfully;Selection completes successfully;Page loads successfully;Page loads successfully;Page loads successfully"
"Privacy Policy page redirection test","Automatic","Cinesa Platform","Footer - Site Navigation","Privacy Policy navigation and URL validation","Footer - Site Navigation","","Navigate to https://www.cinesa.es;Wait for #onetrust-banner-sdk to be visible;Click #onetrust-accept-btn-handler (with overlay handling);Click on a[href=""/documentos-legales/politica-privacidad/""]",";;;","Step completes successfully;Element should be visible;Click action completes;Click action completes"
"Select companion and wheelchair seat - Oasiz","Automatic","Cinesa Platform","Seat Picker - Seat Selection","Wheelchair and companion seat selection","Seat Picker - Seat Selection","","Navigate to https://www.cinesa.es;Wait for #onetrust-banner-sdk to be visible;Click #onetrust-accept-btn-handler (with overlay handling);TC: https://se-ocg.atlassian.net/browse/COMS-4853;Click nav.header-nav a[href=""/cines/""] (with overlay handling);Selecting Oasiz cinema;Getting list of film names from cinema detail page;Selecting film with name ""A pesar de ti"";Selecting showtime ""21:40P. M.Sala 8"";Waiting for seats to be ready;Waiting for seat picker container;Selecting seat [Row 1, Seat 10];Handling the wheelchair modal;Confirming selected seats",";;;;;;;;;;;;;","Step completes successfully;Element should be visible;Click action completes;Step completes successfully;Click action completes;Selection completes successfully;Step completes successfully;Selection completes successfully;Selection completes successfully;Page loads successfully;Page loads successfully;Selection completes successfully;Step completes successfully;Selection completes successfully"
"should display all social media links","Automatic","Cinesa Platform","Footer - Site Navigation","Social media links display","Footer - Site Navigation","","Navigate to https://www.cinesa.es;Wait for #onetrust-banner-sdk to be visible;Click #onetrust-accept-btn-handler (with overlay handling);Verify Facebook link visibility and href;Verify Twitter link visibility and href;Verify Instagram link visibility and href;Verify LinkedIn link visibility and href;Verify TikTok link visibility and href;Verify YouTube link visibility and href",";;;;;;;;","Step completes successfully;Element should be visible;Click action completes;Facebook link visibility and href is correct;Twitter link visibility and href is correct;Instagram link visibility and href is correct;LinkedIn link visibility and href is correct;TikTok link visibility and href is correct;YouTube link visibility and href is correct"
"Display regular and sofa ticket types - Grancasa","Automatic","Cinesa Platform","Seat Picker - Seat Selection","D-BOX sofa seat selection and validation","Seat Picker - Seat Selection","","Navigate to https://www.cinesa.es;Wait for #onetrust-banner-sdk to be visible;Click #onetrust-accept-btn-handler (with overlay handling);TC: https://se-ocg.atlassian.net/browse/COMS-4665;Click nav.header-nav a[href=""/cines/""] (with overlay handling);Selecting Grancasa cinema;Getting list of film names from cinema detail page",";;;;;;","Step completes successfully;Element should be visible;Click action completes;Step completes successfully;Click action completes;Selection completes successfully;Step completes successfully"
"Promotions page display and layout","Automatic","Cinesa Platform","Promotions - Marketing","Promotions page display and layout","Promotions - Marketing","","Navigate to https://www.cinesa.es;Wait for #onetrust-banner-sdk to be visible;Click #onetrust-accept-btn-handler (with overlay handling);Click on nav.header-nav a[href=""/promociones/""]",";;;","Step completes successfully;Element should be visible;Click action completes;Click action completes"
"Select sofa seats separating group in different rows - Oasiz","Automatic","Cinesa Platform","Seat Picker - Seat Selection","D-BOX sofa seat selection and validation","Seat Picker - Seat Selection","","Navigate to https://www.cinesa.es;Wait for #onetrust-banner-sdk to be visible;Click #onetrust-accept-btn-handler (with overlay handling);TC: https://se-ocg.atlassian.net/browse/COMS-4853;Click nav.header-nav a[href=""/cines/""] (with overlay handling);Selecting Oasiz cinema;Getting list of film names from cinema detail page;Selecting film with name ""Predator: Badlands"";Accepting the D-BOX warning modal if present;Waiting for seat picker container;Selecting seat [Row 2, Seat 2];Selecting seat [Row 3, Seat 2];Selecting seat [Row 4, Seat 2];Confirming selected seats",";;;;;;;;;;;;;","Step completes successfully;Element should be visible;Click action completes;Step completes successfully;Click action completes;Selection completes successfully;Step completes successfully;Selection completes successfully;Step completes successfully;Page loads successfully;Selection completes successfully;Selection completes successfully;Selection completes successfully;Selection completes successfully"
"Who Are We page redirection test","Automatic","Cinesa Platform","Footer - Site Navigation","Who Are We navigation and URL validation","Footer - Site Navigation","","Navigate to https://www.cinesa.es;Wait for #onetrust-banner-sdk to be visible;Click #onetrust-accept-btn-handler (with overlay handling);Click on a[href=""/quienes-somos/""]",";;;","Step completes successfully;Element should be visible;Click action completes;Click action completes"
"Attempt to select seats separating group in same row - Grancasa","Automatic","Cinesa Platform","Seat Picker - Seat Selection","Seat selection validation rules","Seat Picker - Seat Selection","","Navigate to https://www.cinesa.es;Wait for #onetrust-banner-sdk to be visible;Click #onetrust-accept-btn-handler (with overlay handling);TC: https://se-ocg.atlassian.net/browse/COMS-4752;Click nav.header-nav a[href=""/cines/""] (with overlay handling);Selecting Grancasa cinema;Getting list of film names from cinema detail page;Selecting film with name ""Los Tigres"";Selecting showtime ""18:50P. M.Sala 1"";Waiting for seats to be ready;Waiting for seats to be ready;Waiting for seat picker container",";;;;;;;;;;;","Step completes successfully;Element should be visible;Click action completes;Step completes successfully;Click action completes;Selection completes successfully;Step completes successfully;Selection completes successfully;Selection completes successfully;Page loads successfully;Page loads successfully;Page loads successfully"
"Grancasa Cinema Schema validation test","Automatic","Cinesa Platform","Cinemas - Location Finder","OCG-2550 - Cinema Schema validation - Grancasa","Cinemas - Location Finder","OCG-2550","Navigate to https://www.cinesa.es;Wait for #onetrust-banner-sdk to be visible;Click nav.header-nav a[href=""/cines/""] (with overlay handling);Selecting Grancasa cinema;Extracting cinema schema from page",";;;;","Step completes successfully;Element should be visible;Click action completes;Selection completes successfully;Step completes successfully"
"Attempt to select seats separating group in same row - Oasiz","Automatic","Cinesa Platform","Seat Picker - Seat Selection","Seat selection validation rules","Seat Picker - Seat Selection","","Navigate to https://www.cinesa.es;Wait for #onetrust-banner-sdk to be visible;Click #onetrust-accept-btn-handler (with overlay handling);TC: https://se-ocg.atlassian.net/browse/COMS-4752;Click nav.header-nav a[href=""/cines/""] (with overlay handling);Selecting Oasiz cinema;Getting list of film names from cinema detail page;Selecting film with name ""Tron: Ares"";Selecting showtime ""21:50P. M.Sala 10"";Waiting for seats to be ready;Waiting for seats to be ready;Waiting for seat picker container;Selecting seat [Row 6, Seat 1];Selecting seat [Row 6, Seat 2];Selecting seat [Row 6, Seat 5]",";;;;;;;;;;;;;;","Step completes successfully;Element should be visible;Click action completes;Step completes successfully;Click action completes;Selection completes successfully;Step completes successfully;Selection completes successfully;Selection completes successfully;Page loads successfully;Page loads successfully;Page loads successfully;Selection completes successfully;Selection completes successfully;Selection completes successfully"
"Customer Service page display and layout","Automatic","Cinesa Platform","Footer - Site Navigation","Customer Service page display and layout","Footer - Site Navigation","","Navigate to https://www.cinesa.es;Wait for #onetrust-banner-sdk to be visible;Click #onetrust-accept-btn-handler (with overlay handling);Click on a[href=""http://ayuda.cinesa.es/""];Taking screenshot",";;;;","Step completes successfully;Element should be visible;Click action completes;Click action completes;Step completes successfully"
"Select seats separating group in different rows - Grancasa","Automatic","Cinesa Platform","Seat Picker - Seat Selection","Seat selection validation rules","Seat Picker - Seat Selection","","Navigate to https://www.cinesa.es;Wait for #onetrust-banner-sdk to be visible;Click #onetrust-accept-btn-handler (with overlay handling);TC: https://se-ocg.atlassian.net/browse/COMS-5620;Click nav.header-nav a[href=""/cines/""] (with overlay handling);Selecting Grancasa cinema;Getting list of film names from cinema detail page;Selecting film with name ""Los Tigres"";Selecting showtime ""22:30P. M.Sala 7"";Selecting seats separating group in different rows",";;;;;;;;;","Step completes successfully;Element should be visible;Click action completes;Step completes successfully;Click action completes;Selection completes successfully;Step completes successfully;Selection completes successfully;Selection completes successfully;Selection completes successfully"
"Select only companion seat - Oasiz","Automatic","Cinesa Platform","Seat Picker - Seat Selection","Wheelchair and companion seat selection","Seat Picker - Seat Selection","","Navigate to https://www.cinesa.es;Wait for #onetrust-banner-sdk to be visible;Click #onetrust-accept-btn-handler (with overlay handling);TC: https://se-ocg.atlassian.net/browse/COMS-4853;Click nav.header-nav a[href=""/cines/""] (with overlay handling);Selecting Oasiz cinema;Getting list of film names from cinema detail page;Selecting film with name ""Tron: Ares"";Selecting showtime ""21:50P. M.Sala 10"";Waiting for seats to be ready;Waiting for seat picker container;Selecting seat [Row 1, Seat 6]",";;;;;;;;;;;","Step completes successfully;Element should be visible;Click action completes;Step completes successfully;Click action completes;Selection completes successfully;Step completes successfully;Selection completes successfully;Selection completes successfully;Page loads successfully;Page loads successfully;Selection completes successfully"
"Legal Notice page display and layout","Automatic","Cinesa Platform","Footer - Site Navigation","Legal Notice page display and layout","Footer - Site Navigation","","Navigate to https://www.cinesa.es;Wait for #onetrust-banner-sdk to be visible;Click #onetrust-accept-btn-handler (with overlay handling);Click on a[href=""/documentos-legales/aviso-legal""]",";;;","Step completes successfully;Element should be visible;Click action completes;Click action completes"
"should have all article cards visible","Automatic","Cinesa Platform","Blog - Content Platform","OCG-2009 - Article cards visibility","Blog - Content Platform","OCG-2009","Wait for #onetrust-banner-sdk to be visible;Navigating to the Blog Landing Page;Verifying article card at index 0 is visible;Verifying article card at index 1 is visible;Verifying article card at index 2 is visible;Verifying article card at index 3 is visible;Verifying article card at index 4 is visible;Verifying article card at index 5 is visible;Verifying article card at index 6 is visible;Verifying article card at index 7 is visible;Verifying article card at index 8 is visible",";;;;;;;;;;","Element should be visible;Step completes successfully;Element should be visible;Element should be visible;Element should be visible;Element should be visible;Element should be visible;Element should be visible;Element should be visible;Element should be visible;Element should be visible"
"Attempt to select sofa seats separating group in same row - Grancasa","Automatic","Cinesa Platform","Seat Picker - Seat Selection","D-BOX sofa seat selection and validation","Seat Picker - Seat Selection","","Navigate to https://www.cinesa.es;Wait for #onetrust-banner-sdk to be visible;Click #onetrust-accept-btn-handler (with overlay handling);TC: https://se-ocg.atlassian.net/browse/COMS-4853;Click nav.header-nav a[href=""/cines/""] (with overlay handling);Selecting Grancasa cinema;Getting list of film names from cinema detail page",";;;;;;","Step completes successfully;Element should be visible;Click action completes;Step completes successfully;Click action completes;Selection completes successfully;Step completes successfully"
"Display regular and sofa ticket types - Oasiz","Automatic","Cinesa Platform","Seat Picker - Seat Selection","D-BOX sofa seat selection and validation","Seat Picker - Seat Selection","","Navigate to https://www.cinesa.es;Wait for #onetrust-banner-sdk to be visible;TC: https://se-ocg.atlassian.net/browse/COMS-4665;Click nav.header-nav a[href=""/cines/""] (with overlay handling);Selecting Oasiz cinema;Getting list of film names from cinema detail page;Selecting film with name ""Predator: Badlands"";Accepting the D-BOX warning modal if present;Waiting for seats to be ready;Waiting for seats to be ready;Waiting for seat picker container;Selecting seat [Row 6, Seat 16];Waiting for seats to be ready;Waiting for seat picker container;Selecting seat [Row 4, Seat 12];Waiting for seat picker container;Confirming selected seats;Wait for ""Continue as Guest"" button;Click ""Continue as Guest"" button;Wait for ticket types to load;Verify ticket types include regular and D-BOX options",";;;;;;;;;;;;;;;;;;;;","Step completes successfully;Element should be visible;Step completes successfully;Click action completes;Selection completes successfully;Step completes successfully;Selection completes successfully;Step completes successfully;Page loads successfully;Page loads successfully;Page loads successfully;Selection completes successfully;Page loads successfully;Page loads successfully;Selection completes successfully;Page loads successfully;Selection completes successfully;Page loads successfully;Click action completes;Page loads successfully;ticket types include regular and D-BOX options is correct"
"No seat selection validation - Oasiz","Automatic","Cinesa Platform","Seat Picker - Seat Selection","Seat selection validation rules","Seat Picker - Seat Selection","","Navigate to https://www.cinesa.es;Wait for #onetrust-banner-sdk to be visible;Click #onetrust-accept-btn-handler (with overlay handling);TC: https://se-ocg.atlassian.net/browse/COMS-4853;Click nav.header-nav a[href=""/cines/""] (with overlay handling);Selecting Oasiz cinema;Getting list of film names from cinema detail page;Selecting film with name ""Reversion"";Selecting showtime ""21:35P. M.Sala 2""",";;;;;;;;","Step completes successfully;Element should be visible;Click action completes;Step completes successfully;Click action completes;Selection completes successfully;Step completes successfully;Selection completes successfully;Selection completes successfully"
"Full purchase with standard promotional code - Oasiz","Automatic","Cinesa Platform","Seat Picker - Seat Selection","Promotional code application in booking flow","Seat Picker - Seat Selection","","Navigate to https://www.cinesa.es;Wait for #onetrust-banner-sdk to be visible;Click #onetrust-accept-btn-handler (with overlay handling);Click nav.header-nav a[href=""/cines/""] (with overlay handling);Selecting Oasiz cinema;Getting list of film names from cinema detail page;Selecting film with name ""Tron: Ares"";Selecting showtime ""21:50P. M.Sala 10"";Waiting for seats to be ready;Waiting for seats to be ready;Waiting for seat picker container",";;;;;;;;;;","Step completes successfully;Element should be visible;Click action completes;Click action completes;Selection completes successfully;Step completes successfully;Selection completes successfully;Selection completes successfully;Page loads successfully;Page loads successfully;Page loads successfully"
"Navigate through Random Movies from Advance Sale","Automatic","Cinesa Platform","Movies - Content Catalog","Random movie navigation - Advance Sale tab","Movies - Content Catalog","","Navigate to https://www.cinesa.es;Wait for #onetrust-banner-sdk to be visible;Click #onetrust-accept-btn-handler (with overlay handling);Click on nav.header-nav a[href=""/peliculas/""];Wait for #onetrust-banner-sdk to be visible;Click on button.v-tab__button:has-text(""Venta anticipada"")",";;;;;","Step completes successfully;Element should be visible;Click action completes;Click action completes;Element should be visible;Click action completes"
"should display experiences page layout correctly","Automatic","Cinesa Platform","Experiences - Premium Formats","Experiences page display and layout","Experiences - Premium Formats","","Navigate to https://www.cinesa.es;Wait for #onetrust-banner-sdk to be visible;Click #onetrust-accept-btn-handler (with overlay handling);Click on nav.header-nav a[href=""/experiencias/""]",";;;","Step completes successfully;Element should be visible;Click action completes;Click action completes"
"should display essential footer navigation elements","Automatic","Cinesa Platform","Footer - Site Navigation","Essential footer elements visibility","Footer - Site Navigation","","Navigate to https://www.cinesa.es;Wait for #onetrust-banner-sdk to be visible;Verify 'quienesSomosLink' element;Verify 'trabajaConNosotrosLink' element;Verify 'cinesaBusinessLink' element;Verify 'transparenciaLink' element;Verify 'eventosLink' element;Verify 'cinesaLuxeLink' element;Verify 'blogDeCinesaLink' element;Verify 'avisoLegalLink' element;Verify 'politicaPrivacidadLink' element;Verify 'politicaCookiesLink' element;Verify 'facebookLink' element;Verify 'instagramLink' element",";;;;;;;;;;;;;","Step completes successfully;Element should be visible;'quienesSomosLink' element is correct;'trabajaConNosotrosLink' element is correct;'cinesaBusinessLink' element is correct;'transparenciaLink' element is correct;'eventosLink' element is correct;'cinesaLuxeLink' element is correct;'blogDeCinesaLink' element is correct;'avisoLegalLink' element is correct;'politicaPrivacidadLink' element is correct;'politicaCookiesLink' element is correct;'facebookLink' element is correct;'instagramLink' element is correct"
"Ciclos page redirection test","Automatic","Cinesa Platform","Footer - Site Navigation","Ciclos navigation and URL validation","Footer - Site Navigation","","Navigate to https://www.cinesa.es;Wait for #onetrust-banner-sdk to be visible;Click #onetrust-accept-btn-handler (with overlay handling);Click on a[href=""/ciclos/""]",";;;","Step completes successfully;Element should be visible;Click action completes;Click action completes"
"Select seats separating group in different rows - Oasiz","Automatic","Cinesa Platform","Seat Picker - Seat Selection","Seat selection validation rules","Seat Picker - Seat Selection","","Navigate to https://www.cinesa.es;Wait for #onetrust-banner-sdk to be visible;TC: https://se-ocg.atlassian.net/browse/COMS-5620;Click nav.header-nav a[href=""/cines/""] (with overlay handling);Selecting Oasiz cinema;Getting list of film names from cinema detail page;Selecting film with name ""A pesar de ti"";Selecting showtime ""19:00P. M.Sala 10"";Waiting for seats to be ready;Waiting for seats to be ready;Waiting for seat picker container;Selecting seat [Row 6, Seat 1];Selecting seat [Row 6, Seat 2];Selecting seat [Row 5, Seat 2];Confirming selected seats",";;;;;;;;;;;;;;","Step completes successfully;Element should be visible;Step completes successfully;Click action completes;Selection completes successfully;Step completes successfully;Selection completes successfully;Selection completes successfully;Page loads successfully;Page loads successfully;Page loads successfully;Selection completes successfully;Selection completes successfully;Selection completes successfully;Selection completes successfully"
"Ciclos page display and layout","Automatic","Cinesa Platform","Footer - Site Navigation","Ciclos page display and layout","Footer - Site Navigation","","Navigate to https://www.cinesa.es;Wait for #onetrust-banner-sdk to be visible;Click #onetrust-accept-btn-handler (with overlay handling);Click on a[href=""/ciclos/""]",";;;","Step completes successfully;Element should be visible;Click action completes;Click action completes"
"Blog de Cinesa page display and layout","Automatic","Cinesa Platform","Footer - Site Navigation","Blog de Cinesa page display and layout","Footer - Site Navigation","","Navigate to https://www.cinesa.es;Wait for #onetrust-banner-sdk to be visible;Click #onetrust-accept-btn-handler (with overlay handling);Click on a[href=""/blog-cinesa/""]",";;;","Step completes successfully;Element should be visible;Click action completes;Click action completes"
"Movies page display and layout","Automatic","Cinesa Platform","Movies - Content Catalog","Movies catalog page display and layout","Movies - Content Catalog","","Navigate to https://www.cinesa.es;Wait for #onetrust-banner-sdk to be visible;Click on nav.header-nav a[href=""/peliculas/""];Wait for #onetrust-banner-sdk to be visible;Taking screenshot",";;;;","Step completes successfully;Element should be visible;Click action completes;Element should be visible;Step completes successfully"
"Salas Premium page redirection test","Automatic","Cinesa Platform","Footer - Site Navigation","Salas Premium navigation and URL validation","Footer - Site Navigation","","Navigate to https://www.cinesa.es;Wait for #onetrust-banner-sdk to be visible;Click #onetrust-accept-btn-handler (with overlay handling);Click on a[href=""/salas-premium/""]",";;;","Step completes successfully;Element should be visible;Click action completes;Click action completes"
"should display all footer elements comprehensively","Automatic","Cinesa Platform","Footer - Site Navigation","Comprehensive footer elements display","Footer - Site Navigation","","Navigate to https://www.cinesa.es;Wait for #onetrust-banner-sdk to be visible;Click #onetrust-accept-btn-handler (with overlay handling);Verify 'quienesSomosLink' element;Verify 'trabajaConNosotrosLink' element;Verify 'cinesaBusinessLink' element;Verify 'atencionAlClienteLink' element;Verify 'transparenciaLink' element;Verify 'eventosLink' element;Verify 'cinesaLuxeLink' element;Verify 'salasPremiumLink' element;Verify 'infantilYColegiosLink' element;Verify 'ciclosLink' element;Verify 'blogDeCinesaLink' element;Verify 'avisoLegalLink' element;Verify 'condicionesCompraLink' element;Verify 'condicionesUnlimitedLink' element;Verify 'politicaPrivacidadLink' element;Verify 'politicaCookiesLink' element;Verify 'androidAppLink' element;Verify 'appleAppLink' element;Verify 'facebookLink' element;Verify 'twitterLink' element;Verify 'instagramLink' element;Verify 'linkedinLink' element;Verify 'tiktokLink' element;Verify 'youtubeLink' element",";;;;;;;;;;;;;;;;;;;;;;;;;;","Step completes successfully;Element should be visible;Click action completes;'quienesSomosLink' element is correct;'trabajaConNosotrosLink' element is correct;'cinesaBusinessLink' element is correct;'atencionAlClienteLink' element is correct;'transparenciaLink' element is correct;'eventosLink' element is correct;'cinesaLuxeLink' element is correct;'salasPremiumLink' element is correct;'infantilYColegiosLink' element is correct;'ciclosLink' element is correct;'blogDeCinesaLink' element is correct;'avisoLegalLink' element is correct;'condicionesCompraLink' element is correct;'condicionesUnlimitedLink' element is correct;'politicaPrivacidadLink' element is correct;'politicaCookiesLink' element is correct;'androidAppLink' element is correct;'appleAppLink' element is correct;'facebookLink' element is correct;'twitterLink' element is correct;'instagramLink' element is correct;'linkedinLink' element is correct;'tiktokLink' element is correct;'youtubeLink' element is correct"
"Full purchase with La Vanguardia promotional code - Grancasa","Automatic","Cinesa Platform","Seat Picker - Seat Selection","Promotional code application in booking flow","Seat Picker - Seat Selection","","Navigate to https://www.cinesa.es;Wait for #onetrust-banner-sdk to be visible;Click #onetrust-accept-btn-handler (with overlay handling);Click nav.header-nav a[href=""/cines/""] (with overlay handling);Selecting Grancasa cinema;Getting list of film names from cinema detail page;Selecting film with name ""Bugonia"";Selecting showtime ""22:00P. M.Sala 2"";Waiting for seats to be ready;Waiting for seats to be ready;Waiting for seat picker container;Selecting seat [Row 0, Seat 0];Confirming selected seats",";;;;;;;;;;;;","Step completes successfully;Element should be visible;Click action completes;Click action completes;Selection completes successfully;Step completes successfully;Selection completes successfully;Selection completes successfully;Page loads successfully;Page loads successfully;Page loads successfully;Selection completes successfully;Selection completes successfully"
"Infantil y Colegios page display and layout","Automatic","Cinesa Platform","Footer - Site Navigation","Infantil y Colegios page display and layout","Footer - Site Navigation","","Navigate to https://www.cinesa.es;Wait for #onetrust-banner-sdk to be visible;Click #onetrust-accept-btn-handler (with overlay handling);Click on a[href=""/infantil/""]",";;;","Step completes successfully;Element should be visible;Click action completes;Click action completes"
"Android App Download display and layout","Automatic","Cinesa Platform","Footer - Site Navigation","Android App Download page display and layout","Footer - Site Navigation","","Navigate to https://www.cinesa.es;Wait for #onetrust-banner-sdk to be visible;Click #onetrust-accept-btn-handler (with overlay handling);Click on a[href=""https://play.google.com/store/apps/details?id=nz.co.vista.android.movie.cinesa""];Taking screenshot",";;;;","Step completes successfully;Element should be visible;Click action completes;Click action completes;Step completes successfully"
"No seat selection validation - Grancasa","Automatic","Cinesa Platform","Seat Picker - Seat Selection","Seat selection validation rules","Seat Picker - Seat Selection","","Navigate to https://www.cinesa.es;Wait for #onetrust-banner-sdk to be visible;TC: https://se-ocg.atlassian.net/browse/COMS-4853;Click nav.header-nav a[href=""/cines/""] (with overlay handling);Selecting Grancasa cinema;Getting list of film names from cinema detail page;Selecting film with name ""Los Tigres"";Selecting showtime ""18:50P. M.Sala 1""",";;;;;;;","Step completes successfully;Element should be visible;Step completes successfully;Click action completes;Selection completes successfully;Step completes successfully;Selection completes successfully;Selection completes successfully"
"Apple App Download display and layout","Automatic","Cinesa Platform","Footer - Site Navigation","Apple App Download page display and layout","Footer - Site Navigation","","Navigate to https://www.cinesa.es;Wait for #onetrust-banner-sdk to be visible;Click #onetrust-accept-btn-handler (with overlay handling);Click on a[href=""https://apps.apple.com/es/app/cinesa-app/id6444631578?l=ca""];Taking screenshot",";;;;","Step completes successfully;Element should be visible;Click action completes;Click action completes;Step completes successfully"
"should navigate to blog and validate URL","Automatic","Cinesa Platform","Footer - Site Navigation","Blog navigation from footer","Footer - Site Navigation","","Navigate to https://www.cinesa.es;Wait for #onetrust-banner-sdk to be visible;Click #onetrust-accept-btn-handler (with overlay handling);Navigating to Cinesa blog page and validating URL",";;;","Step completes successfully;Element should be visible;Click action completes;Navigation completes successfully"
"Eventos page display and layout","Automatic","Cinesa Platform","Footer - Site Navigation","OCG-3287 - Eventos page display and layout","Footer - Site Navigation","OCG-3287","Navigate to https://www.cinesa.es;Wait for #onetrust-banner-sdk to be visible;Click #onetrust-accept-btn-handler (with overlay handling);Click on a[href=""/eventos/""];Taking screenshot",";;;;","Step completes successfully;Element should be visible;Click action completes;Click action completes;Step completes successfully"
"Attempt to select sofa seats leaving empty space between selection - Oasiz","Automatic","Cinesa Platform","Seat Picker - Seat Selection","D-BOX sofa seat selection and validation","Seat Picker - Seat Selection","","Navigate to https://www.cinesa.es;Wait for #onetrust-banner-sdk to be visible;Click #onetrust-accept-btn-handler (with overlay handling);TC: https://se-ocg.atlassian.net/browse/COMS-4853;Click nav.header-nav a[href=""/cines/""] (with overlay handling);Selecting Oasiz cinema;Getting list of film names from cinema detail page;Selecting film with name ""Predator: Badlands"";Accepting the D-BOX warning modal if present;Waiting for seat picker container;Selecting seat [Row 2, Seat 2];Selecting seat [Row 2, Seat 4]",";;;;;;;;;;;","Step completes successfully;Element should be visible;Click action completes;Step completes successfully;Click action completes;Selection completes successfully;Step completes successfully;Selection completes successfully;Step completes successfully;Page loads successfully;Selection completes successfully;Selection completes successfully"
"should navigate through each related article and return to the Blog Landing page","Automatic","Cinesa Platform","Blog - Content Platform","OCG-2030 - Related articles navigation flow","Blog - Content Platform","OCG-2030","Wait for #onetrust-banner-sdk to be visible;Navigating to the Blog Landing Page;Navigating through article card at index 0;Navigating through article card at index 1",";;;","Element should be visible;Step completes successfully;Step completes successfully;Step completes successfully"
"Select more than max seat capacity - Oasiz","Automatic","Cinesa Platform","Seat Picker - Seat Selection","Seat selection validation rules","Seat Picker - Seat Selection","","Navigate to https://www.cinesa.es;Wait for #onetrust-banner-sdk to be visible;Click #onetrust-accept-btn-handler (with overlay handling);TC: https://se-ocg.atlassian.net/browse/COMS-5088;Click nav.header-nav a[href=""/cines/""] (with overlay handling);Selecting Oasiz cinema;Getting list of film names from cinema detail page;Selecting film with name ""A pesar de ti"";Selecting showtime ""19:00P. M.Sala 10"";Waiting for seats to be ready;Waiting for seats to be ready;Waiting for seat picker container;Selecting seat [Row 6, Seat 1];Selecting seat [Row 6, Seat 2];Selecting seat [Row 6, Seat 3];Selecting seat [Row 6, Seat 4];Selecting seat [Row 6, Seat 5];Handling showtime attribute modal if present",";;;;;;;;;;;;;;;;;","Step completes successfully;Element should be visible;Click action completes;Step completes successfully;Click action completes;Selection completes successfully;Step completes successfully;Selection completes successfully;Selection completes successfully;Page loads successfully;Page loads successfully;Page loads successfully;Selection completes successfully;Selection completes successfully;Selection completes successfully;Selection completes successfully;Selection completes successfully;Step completes successfully"
"Cinesa Business page display and layout","Automatic","Cinesa Platform","Footer - Site Navigation","Cinesa Business page display and layout","Footer - Site Navigation","","Navigate to https://www.cinesa.es;Wait for #onetrust-banner-sdk to be visible;Click on a[href=""http://www.cinesabusiness.es/""];Taking screenshot",";;;","Step completes successfully;Element should be visible;Click action completes;Step completes successfully"
"should validate coupons opens new tab correctly","Automatic","Cinesa Platform","Coupons - Discount System","Coupons new tab URL validation","Coupons - Discount System","","Navigate to https://www.cinesa.es;Wait for #onetrust-banner-sdk to be visible;Click #onetrust-accept-btn-handler (with overlay handling);Click on nav.header-nav a[target=""_blank""][href*=""cinesabusiness.es/promociones""];Navigate to https://www.cinesabusiness.es/promociones.html",";;;;","Step completes successfully;Element should be visible;Click action completes;Click action completes;Step completes successfully"
"Select only wheelchair seat - Oasiz","Automatic","Cinesa Platform","Seat Picker - Seat Selection","Wheelchair and companion seat selection","Seat Picker - Seat Selection","","Navigate to https://www.cinesa.es;Wait for #onetrust-banner-sdk to be visible;Click #onetrust-accept-btn-handler (with overlay handling);TC: https://se-ocg.atlassian.net/browse/COMS-5638;Click nav.header-nav a[href=""/cines/""] (with overlay handling);Selecting Oasiz cinema;Getting list of film names from cinema detail page;Selecting film with name ""Bugonia"";Selecting showtime ""18:30P. M.Sala 6"";Waiting for seats to be ready;Waiting for seat picker container;Handling the wheelchair modal;Confirming selected seats",";;;;;;;;;;;;","Step completes successfully;Element should be visible;Click action completes;Step completes successfully;Click action completes;Selection completes successfully;Step completes successfully;Selection completes successfully;Selection completes successfully;Page loads successfully;Page loads successfully;Step completes successfully;Selection completes successfully"
"should display cinemas page layout correctly","Automatic","Cinesa Platform","Cinemas - Location Finder","Cinemas page display and layout","Cinemas - Location Finder","","Navigate to https://www.cinesa.es;Wait for #onetrust-banner-sdk to be visible;Click #onetrust-accept-btn-handler (with overlay handling);Click nav.header-nav a[href=""/cines/""] (with overlay handling)",";;;","Step completes successfully;Element should be visible;Click action completes;Click action completes"
"Select one sofa seat correctly - Oasiz","Automatic","Cinesa Platform","Seat Picker - Seat Selection","D-BOX sofa seat selection and validation","Seat Picker - Seat Selection","","Navigate to https://www.cinesa.es;Wait for #onetrust-banner-sdk to be visible;Click #onetrust-accept-btn-handler (with overlay handling);TC: https://se-ocg.atlassian.net/browse/COMS-4853;Click nav.header-nav a[href=""/cines/""] (with overlay handling);Selecting Oasiz cinema;Getting list of film names from cinema detail page;Selecting film with name ""Predator: Badlands"";Accepting the D-BOX warning modal if present;Waiting for seat picker container;Selecting seat [Row 2, Seat 2];Confirming selected seats",";;;;;;;;;;;","Step completes successfully;Element should be visible;Click action completes;Step completes successfully;Click action completes;Selection completes successfully;Step completes successfully;Selection completes successfully;Step completes successfully;Page loads successfully;Selection completes successfully;Selection completes successfully"
"Select only wheelchair seat - Grancasa","Automatic","Cinesa Platform","Seat Picker - Seat Selection","Wheelchair and companion seat selection","Seat Picker - Seat Selection","","Navigate to https://www.cinesa.es;Wait for #onetrust-banner-sdk to be visible;Click #onetrust-accept-btn-handler (with overlay handling);TC: https://se-ocg.atlassian.net/browse/COMS-5638;Click nav.header-nav a[href=""/cines/""] (with overlay handling);Selecting Grancasa cinema;Getting list of film names from cinema detail page;Selecting film with name ""Predator: Badlands"";Selecting showtime ""22:15P. M.Sala 3"";Waiting for seats to be ready;Waiting for seat picker container",";;;;;;;;;;","Step completes successfully;Element should be visible;Click action completes;Step completes successfully;Click action completes;Selection completes successfully;Step completes successfully;Selection completes successfully;Selection completes successfully;Page loads successfully;Page loads successfully"
"Grancasa Movie Schema validation test","Automatic","Cinesa Platform","Movies - Content Catalog","Movie Schema validation - Grancasa","Movies - Content Catalog","","Navigate to https://www.cinesa.es;Wait for #onetrust-banner-sdk to be visible;Click nav.header-nav a[href=""/cines/""] (with overlay handling);Selecting Grancasa cinema",";;;","Step completes successfully;Element should be visible;Click action completes;Selection completes successfully"
"Buy multiple tickets with Classic menu - Oasiz","Automatic","Cinesa Platform","Bar & Food Services","Compra con Menú Clásico - múltiples entradas","Bar & Food Services","","Navigate to https://www.cinesa.es;Wait for #onetrust-banner-sdk to be visible;Click #onetrust-accept-btn-handler (with overlay handling);Click nav.header-nav a[href=""/cines/""] (with overlay handling);Selecting Oasiz cinema;Getting list of film names from cinema detail page;Selecting film with name ""A pesar de ti"";Selecting showtime ""19:00P. M.Sala 10"";Waiting for seats to be ready;Waiting for seats to be ready;Waiting for seat picker container",";;;;;;;;;;","Step completes successfully;Element should be visible;Click action completes;Click action completes;Selection completes successfully;Step completes successfully;Selection completes successfully;Selection completes successfully;Page loads successfully;Page loads successfully;Page loads successfully"
"should redirect to experiences page correctly","Automatic","Cinesa Platform","Experiences - Premium Formats","Experiences page URL redirection validation","Experiences - Premium Formats","","Navigate to https://www.cinesa.es;Wait for #onetrust-banner-sdk to be visible;Click #onetrust-accept-btn-handler (with overlay handling);Click on nav.header-nav a[href=""/experiencias/""]",";;;","Step completes successfully;Element should be visible;Click action completes;Click action completes"
"Salas Premium page display and layout","Automatic","Cinesa Platform","Footer - Site Navigation","Salas Premium page display and layout","Footer - Site Navigation","","Navigate to https://www.cinesa.es;Wait for #onetrust-banner-sdk to be visible;Click on a[href=""/salas-premium/""];Taking screenshot",";;;","Step completes successfully;Element should be visible;Click action completes;Step completes successfully"
"Select sofa seats separating group in different rows - Grancasa","Automatic","Cinesa Platform","Seat Picker - Seat Selection","D-BOX sofa seat selection and validation","Seat Picker - Seat Selection","","Navigate to https://www.cinesa.es;Wait for #onetrust-banner-sdk to be visible;Click #onetrust-accept-btn-handler (with overlay handling);TC: https://se-ocg.atlassian.net/browse/COMS-4853;Click nav.header-nav a[href=""/cines/""] (with overlay handling);Selecting Grancasa cinema;Getting list of film names from cinema detail page",";;;;;;","Step completes successfully;Element should be visible;Click action completes;Step completes successfully;Click action completes;Selection completes successfully;Step completes successfully"
"UNLIMITED CARD Conditions page display and layout","Automatic","Cinesa Platform","Footer - Site Navigation","UNLIMITED CARD Conditions page display and layout","Footer - Site Navigation","","Navigate to https://www.cinesa.es;Wait for #onetrust-banner-sdk to be visible;Click on a[href=""/documentos-legales/condiciones-unlimited/""];Taking screenshot",";;;","Step completes successfully;Element should be visible;Click action completes;Step completes successfully"
"Validate analytics events capture - Grancasa with Classic menu","Automatic","Cinesa Platform","Analytics - Tracking","COMS-13733 / COMS-13727 - GA4 DataLayer validation - Grancasa - Classic","Analytics - Tracking","COMS-13733, COMS-13727","Navigate to https://www.cinesa.es;Wait for #onetrust-banner-sdk to be visible;Click #onetrust-accept-btn-handler (with overlay handling);Initializing dataLayer capture;Click nav.header-nav a[href=""/cines/""] (with overlay handling);Selecting Grancasa cinema;Getting list of film names from cinema detail page;Selecting film with name ""Bugonia"";Selecting showtime ""22:00P. M.Sala 2"";Waiting for seats to be ready;Waiting for seats to be ready;Waiting for seat picker container",";;;;;;;;;;;","Step completes successfully;Element should be visible;Click action completes;Step completes successfully;Click action completes;Selection completes successfully;Step completes successfully;Selection completes successfully;Selection completes successfully;Page loads successfully;Page loads successfully;Page loads successfully"
"Select only companion seat - Grancasa","Automatic","Cinesa Platform","Seat Picker - Seat Selection","Wheelchair and companion seat selection","Seat Picker - Seat Selection","","Navigate to https://www.cinesa.es;Wait for #onetrust-banner-sdk to be visible;Click #onetrust-accept-btn-handler (with overlay handling);TC: https://se-ocg.atlassian.net/browse/COMS-4853;Click nav.header-nav a[href=""/cines/""] (with overlay handling);Selecting Grancasa cinema;Getting list of film names from cinema detail page;Selecting film with name ""Bugonia"";Selecting showtime ""19:15P. M.Sala 2"";Waiting for seats to be ready;Waiting for seat picker container",";;;;;;;;;;","Step completes successfully;Element should be visible;Click action completes;Step completes successfully;Click action completes;Selection completes successfully;Step completes successfully;Selection completes successfully;Selection completes successfully;Page loads successfully;Page loads successfully"
"Full purchase with multiple seats - Grancasa","Automatic","Cinesa Platform","Seat Picker - Seat Selection","Complete purchase from seat selection","Seat Picker - Seat Selection","","Navigate to https://www.cinesa.es;Wait for #onetrust-banner-sdk to be visible;Click #onetrust-accept-btn-handler (with overlay handling);Click nav.header-nav a[href=""/cines/""] (with overlay handling);Selecting Grancasa cinema;Getting list of film names from cinema detail page;Selecting film with name ""Los Tigres"";Selecting showtime ""22:30P. M.Sala 7"";Waiting for seats to be ready;Waiting for seats to be ready;Waiting for seat picker container;Selecting seat [Row 0, Seat 0];Selecting seat [Row 0, Seat 0];Handling showtime attribute modal if present",";;;;;;;;;;;;;","Step completes successfully;Element should be visible;Click action completes;Click action completes;Selection completes successfully;Step completes successfully;Selection completes successfully;Selection completes successfully;Page loads successfully;Page loads successfully;Page loads successfully;Selection completes successfully;Selection completes successfully;Step completes successfully"
"Oasiz Cinema Schema validation test","Automatic","Cinesa Platform","Cinemas - Location Finder","OCG-2550 - Cinema Schema validation - Oasiz","Cinemas - Location Finder","OCG-2550","Navigate to https://www.cinesa.es;Wait for #onetrust-banner-sdk to be visible;Click #onetrust-accept-btn-handler (with overlay handling);Click nav.header-nav a[href=""/cines/""] (with overlay handling);Selecting Oasiz cinema;Extracting cinema schema from page",";;;;;","Step completes successfully;Element should be visible;Click action completes;Click action completes;Selection completes successfully;Step completes successfully"
"Purchase Conditions page redirection test","Automatic","Cinesa Platform","Footer - Site Navigation","Purchase Conditions navigation and URL validation","Footer - Site Navigation","","Navigate to https://www.cinesa.es;Wait for #onetrust-banner-sdk to be visible;Click on a[href=""/documentos-legales/condiciones-compra/""];Validating Purchase Conditions page URL",";;;","Step completes successfully;Element should be visible;Click action completes;Navigation completes successfully"
"Navigate through Random Movies from Coming Soon","Automatic","Cinesa Platform","Movies - Content Catalog","Random movie navigation - Coming Soon tab","Movies - Content Catalog","","Navigate to https://www.cinesa.es;Wait for #onetrust-banner-sdk to be visible;Click #onetrust-accept-btn-handler (with overlay handling);Click on nav.header-nav a[href=""/peliculas/""];Wait for #onetrust-banner-sdk to be visible",";;;;","Step completes successfully;Element should be visible;Click action completes;Click action completes;Element should be visible"
"Customer Service page redirection test","Automatic","Cinesa Platform","Footer - Site Navigation","Customer Service navigation and URL validation","Footer - Site Navigation","","Navigate to https://www.cinesa.es;Wait for #onetrust-banner-sdk to be visible;Click #onetrust-accept-btn-handler (with overlay handling);Click on a[href=""http://ayuda.cinesa.es/""];Validating Customer Service page URL",";;;;","Step completes successfully;Element should be visible;Click action completes;Click action completes;Navigation completes successfully"
"should navigate to company pages","Automatic","Cinesa Platform","Footer - Site Navigation","Company pages navigation","Footer - Site Navigation","","Navigate to https://www.cinesa.es;Wait for #onetrust-banner-sdk to be visible;Click #onetrust-accept-btn-handler (with overlay handling);Test ""Quiénes somos"" navigation capability;Test ""Transparencia"" navigation capability;Test external ""Trabaja con nosotros"" link;Test external ""Cinesa Business"" link",";;;;;;","Step completes successfully;Element should be visible;Click action completes;Navigation completes successfully;Navigation completes successfully;Step completes successfully;Step completes successfully"
"Cinesa Luxe page redirection test","Automatic","Cinesa Platform","Footer - Site Navigation","Cinesa Luxe navigation and URL validation","Footer - Site Navigation","","Navigate to https://www.cinesa.es;Wait for #onetrust-banner-sdk to be visible;Click #onetrust-accept-btn-handler (with overlay handling);Click on a[href=""/experiencias/luxe/""]",";;;","Step completes successfully;Element should be visible;Click action completes;Click action completes"
"should display the expected number of article cards","Automatic","Cinesa Platform","Blog - Content Platform","OCG-2009 - Article cards count validation","Blog - Content Platform","OCG-2009","Wait for #onetrust-banner-sdk to be visible;Navigating to the Blog Landing Page;Verifying the number of article cards",";;","Element should be visible;Step completes successfully;ing the number of article cards is correct"
"should redirect to cinemas page correctly","Automatic","Cinesa Platform","Cinemas - Location Finder","Cinemas page URL redirection validation","Cinemas - Location Finder","","Navigate to https://www.cinesa.es;Wait for #onetrust-banner-sdk to be visible;Click #onetrust-accept-btn-handler (with overlay handling);Click nav.header-nav a[href=""/cines/""] (with overlay handling)",";;;","Step completes successfully;Element should be visible;Click action completes;Click action completes"
"should display legal documentation links","Automatic","Cinesa Platform","Footer - Site Navigation","Legal documentation links","Footer - Site Navigation","","Navigate to https://www.cinesa.es;Wait for #onetrust-banner-sdk to be visible;Click #onetrust-accept-btn-handler (with overlay handling);Verify Aviso Legal link visibility and href;Verify Condiciones de Compra link visibility and href;Verify Condiciones Unlimited link visibility and href;Verify Política de Privacidad link visibility and href;Verify Política de Cookies link visibility and href",";;;;;;;","Step completes successfully;Element should be visible;Click action completes;Aviso Legal link visibility and href is correct;Condiciones de Compra link visibility and href is correct;Condiciones Unlimited link visibility and href is correct;Política de Privacidad link visibility and href is correct;Política de Cookies link visibility and href is correct"
"should display mobile app download links","Automatic","Cinesa Platform","Footer - Site Navigation","Mobile app download links","Footer - Site Navigation","","Navigate to https://www.cinesa.es;Wait for #onetrust-banner-sdk to be visible;Click #onetrust-accept-btn-handler (with overlay handling);Verify Android app download link;Verify Apple app download link",";;;;","Step completes successfully;Element should be visible;Click action completes;Android app download link is correct;Apple app download link is correct"
"Buy multiple tickets with Classic menu - Grancasa","Automatic","Cinesa Platform","Bar & Food Services","Compra con Menú Clásico - múltiples entradas","Bar & Food Services","","Navigate to https://www.cinesa.es;Wait for #onetrust-banner-sdk to be visible;Click #onetrust-accept-btn-handler (with overlay handling);Click nav.header-nav a[href=""/cines/""] (with overlay handling);Selecting Grancasa cinema;Getting list of film names from cinema detail page;Selecting film with name ""Los Tigres"";Selecting showtime ""18:50P. M.Sala 1"";Waiting for seats to be ready;Waiting for seats to be ready;Waiting for seat picker container",";;;;;;;;;;","Step completes successfully;Element should be visible;Click action completes;Click action completes;Selection completes successfully;Step completes successfully;Selection completes successfully;Selection completes successfully;Page loads successfully;Page loads successfully;Page loads successfully"
"Select sofa leaving 1 space - Grancasa","Automatic","Cinesa Platform","Seat Picker - Seat Selection","D-BOX sofa seat selection and validation","Seat Picker - Seat Selection","","Navigate to https://www.cinesa.es;Wait for #onetrust-banner-sdk to be visible;Click #onetrust-accept-btn-handler (with overlay handling);TC: https://se-ocg.atlassian.net/browse/COMS-4853;Click nav.header-nav a[href=""/cines/""] (with overlay handling);Selecting Grancasa cinema;Getting list of film names from cinema detail page",";;;;;;","Step completes successfully;Element should be visible;Click action completes;Step completes successfully;Click action completes;Selection completes successfully;Step completes successfully"
"Transparency page redirection test","Automatic","Cinesa Platform","Footer - Site Navigation","Transparency navigation and URL validation","Footer - Site Navigation","","Navigate to https://www.cinesa.es;Wait for #onetrust-banner-sdk to be visible;Click on a[href=""/quienes-somos/transparencia/""];Validating Transparency page URL",";;;","Step completes successfully;Element should be visible;Click action completes;Navigation completes successfully"
"Full purchase with single seat - Oasiz","Automatic","Cinesa Platform","Seat Picker - Seat Selection","Complete purchase from seat selection","Seat Picker - Seat Selection","","Navigate to https://www.cinesa.es;Wait for #onetrust-banner-sdk to be visible;Click nav.header-nav a[href=""/cines/""] (with overlay handling)",";;","Step completes successfully;Element should be visible;Click action completes"
"Validate analytics events capture - Oasiz with Classic menu","Automatic","Cinesa Platform","Analytics - Tracking","COMS-13733 / COMS-13727 - GA4 DataLayer validation - Oasiz - Classic","Analytics - Tracking","COMS-13733, COMS-13727","Navigate to https://www.cinesa.es;Wait for #onetrust-banner-sdk to be visible;Click #onetrust-accept-btn-handler (with overlay handling);Initializing dataLayer capture;Click nav.header-nav a[href=""/cines/""] (with overlay handling);Selecting Oasiz cinema;Getting list of film names from cinema detail page;Selecting film with name ""Reversion"";Selecting showtime ""21:35P. M.Sala 2"";Waiting for seats to be ready;Waiting for seats to be ready;Waiting for seat picker container",";;;;;;;;;;;","Step completes successfully;Element should be visible;Click action completes;Step completes successfully;Click action completes;Selection completes successfully;Step completes successfully;Selection completes successfully;Selection completes successfully;Page loads successfully;Page loads successfully;Page loads successfully"
"Cookies Policy page redirection test","Automatic","Cinesa Platform","Footer - Site Navigation","Cookies Policy navigation and URL validation","Footer - Site Navigation","","Navigate to https://www.cinesa.es;Wait for #onetrust-banner-sdk to be visible;Click #onetrust-accept-btn-handler (with overlay handling);Click on a[href=""/documentos-legales/cookies""]",";;;","Step completes successfully;Element should be visible;Click action completes;Click action completes"
"Who Are We page display and layout","Automatic","Cinesa Platform","Footer - Site Navigation","Who Are We page display and layout","Footer - Site Navigation","","Navigate to https://www.cinesa.es;Wait for #onetrust-banner-sdk to be visible;Click #onetrust-accept-btn-handler (with overlay handling);Click on a[href=""/quienes-somos/""]",";;;","Step completes successfully;Element should be visible;Click action completes;Click action completes"
"Select sofa leaving 1 space - Oasiz","Automatic","Cinesa Platform","Seat Picker - Seat Selection","D-BOX sofa seat selection and validation","Seat Picker - Seat Selection","","Navigate to https://www.cinesa.es;Wait for #onetrust-banner-sdk to be visible;Click #onetrust-accept-btn-handler (with overlay handling);TC: https://se-ocg.atlassian.net/browse/COMS-4853;Click nav.header-nav a[href=""/cines/""] (with overlay handling);Selecting Oasiz cinema;Getting list of film names from cinema detail page;Selecting film with name ""Predator: Badlands"";Accepting the D-BOX warning modal if present;Waiting for seats to be ready;Waiting for seat picker container;Selecting seat [Row 2, Seat 11]",";;;;;;;;;;;","Step completes successfully;Element should be visible;Click action completes;Step completes successfully;Click action completes;Selection completes successfully;Step completes successfully;Selection completes successfully;Step completes successfully;Page loads successfully;Page loads successfully;Selection completes successfully"
"Cinesa Business page redirection test","Automatic","Cinesa Platform","Footer - Site Navigation","Cinesa Business navigation and URL validation","Footer - Site Navigation","","Navigate to https://www.cinesa.es;Wait for #onetrust-banner-sdk to be visible;Click #onetrust-accept-btn-handler (with overlay handling);Click on a[href=""http://www.cinesabusiness.es/""];Validating Cinesa Business page URL",";;;;","Step completes successfully;Element should be visible;Click action completes;Click action completes;Navigation completes successfully"
"Select more than max seat capacity - Grancasa","Automatic","Cinesa Platform","Seat Picker - Seat Selection","Seat selection validation rules","Seat Picker - Seat Selection","","Navigate to https://www.cinesa.es;Wait for #onetrust-banner-sdk to be visible;Click #onetrust-accept-btn-handler (with overlay handling);TC: https://se-ocg.atlassian.net/browse/COMS-5088;Click nav.header-nav a[href=""/cines/""] (with overlay handling);Selecting Grancasa cinema;Getting list of film names from cinema detail page;Selecting film with name ""Los Tigres"";Selecting showtime ""18:50P. M.Sala 1"";Waiting for seats to be ready;Waiting for seats to be ready;Waiting for seat picker container;Selecting seat [Row 0, Seat 0];Selecting seat [Row 0, Seat 0];Selecting seat [Row 0, Seat 0]",";;;;;;;;;;;;;;","Step completes successfully;Element should be visible;Click action completes;Step completes successfully;Click action completes;Selection completes successfully;Step completes successfully;Selection completes successfully;Selection completes successfully;Page loads successfully;Page loads successfully;Page loads successfully;Selection completes successfully;Selection completes successfully;Selection completes successfully"
"Full purchase with standard promotional code - Grancasa","Automatic","Cinesa Platform","Seat Picker - Seat Selection","Promotional code application in booking flow","Seat Picker - Seat Selection","","Navigate to https://www.cinesa.es;Wait for #onetrust-banner-sdk to be visible;Click #onetrust-accept-btn-handler (with overlay handling);Click nav.header-nav a[href=""/cines/""] (with overlay handling);Selecting Grancasa cinema;Getting list of film names from cinema detail page;Selecting film with name ""Bugonia"";Selecting showtime ""19:15P. M.Sala 2"";Waiting for seats to be ready;Waiting for seats to be ready;Waiting for seat picker container",";;;;;;;;;;","Step completes successfully;Element should be visible;Click action completes;Click action completes;Selection completes successfully;Step completes successfully;Selection completes successfully;Selection completes successfully;Page loads successfully;Page loads successfully;Page loads successfully"
"Cinesa Movies page redirection test","Automatic","Cinesa Platform","Movies - Content Catalog","Movies page URL redirection validation","Movies - Content Catalog","","Navigate to https://www.cinesa.es;Wait for #onetrust-banner-sdk to be visible;Click on nav.header-nav a[href=""/peliculas/""];Wait for #onetrust-banner-sdk to be visible",";;;","Step completes successfully;Element should be visible;Click action completes;Element should be visible"
"should display all navbar elements","Automatic","Cinesa Platform","Navbar - Main Navigation","Verificar elementos visibles del navbar","Navbar - Main Navigation","","Navigate to https://www.cinesa.es;Wait for #onetrust-banner-sdk to be visible;Verify 'Cines' link is visible;Verify 'Películas' link is visible;Verify 'Promociones' link is visible;Verify 'Experiencias' link is visible;Verify 'Programas' link is visible;Verify optional Bonos link",";;;;;;;","Step completes successfully;Element should be visible;Element should be visible;Element should be visible;Element should be visible;Element should be visible;Element should be visible;optional Bonos link is correct"
"Cookies Policy page display and layout","Automatic","Cinesa Platform","Footer - Site Navigation","Cookies Policy page display and layout","Footer - Site Navigation","","Navigate to https://www.cinesa.es;Wait for #onetrust-banner-sdk to be visible;Click on a[href=""/documentos-legales/cookies""];Taking screenshot",";;;","Step completes successfully;Element should be visible;Click action completes;Step completes successfully"
"Code of Conduct page display and layout","Automatic","Cinesa Platform","Footer - Site Navigation","Code of Conduct page display and layout","Footer - Site Navigation","","Navigate to https://www.cinesa.es;Wait for #onetrust-banner-sdk to be visible;Click #onetrust-accept-btn-handler (with overlay handling);Click on a[href=""/quienes-somos/codigo-de-conducta-y-etica-empresariales""]",";;;","Step completes successfully;Element should be visible;Click action completes;Click action completes"
"Purchase Conditions page display and layout","Automatic","Cinesa Platform","Footer - Site Navigation","Purchase Conditions page display and layout","Footer - Site Navigation","","Navigate to https://www.cinesa.es;Wait for #onetrust-banner-sdk to be visible;Click #onetrust-accept-btn-handler (with overlay handling);Click on a[href=""/documentos-legales/condiciones-compra/""]",";;;","Step completes successfully;Element should be visible;Click action completes;Click action completes"
"validate new tab and link","Automatic","Cinesa Platform","Footer - Site Navigation","OCG-3287 - Eventos new tab and link validation","Footer - Site Navigation","OCG-3287","Navigate to https://www.cinesa.es;Wait for #onetrust-banner-sdk to be visible;Click #onetrust-accept-btn-handler (with overlay handling);Click on a[href=""/eventos/""]",";;;","Step completes successfully;Element should be visible;Click action completes;Click action completes"
"Modern Slavery Declaration display and layout","Automatic","Cinesa Platform","Footer - Site Navigation","Modern Slavery Declaration PDF display and layout","Footer - Site Navigation","","Navigate to https://www.cinesa.es;Wait for #onetrust-banner-sdk to be visible;Click #onetrust-accept-btn-handler (with overlay handling);Click on a[href*=""modernslavery""];Validating Modern Slavery PDF download",";;;;","Step completes successfully;Element should be visible;Click action completes;Click action completes;Step completes successfully"
"Apple App Download redirection test","Automatic","Cinesa Platform","Footer - Site Navigation","Apple App Download navigation and URL validation","Footer - Site Navigation","","Navigate to https://www.cinesa.es;Wait for #onetrust-banner-sdk to be visible;Click on a[href=""https://apps.apple.com/es/app/cinesa-app/id6444631578?l=ca""];Validating Apple App Download page URL",";;;","Step completes successfully;Element should be visible;Click action completes;Navigation completes successfully"
"Full purchase with multiple seats - Oasiz","Automatic","Cinesa Platform","Seat Picker - Seat Selection","Complete purchase from seat selection","Seat Picker - Seat Selection","","Navigate to https://www.cinesa.es;Wait for #onetrust-banner-sdk to be visible;Click nav.header-nav a[href=""/cines/""] (with overlay handling);Selecting Oasiz cinema;Getting list of film names from cinema detail page;Selecting film with name ""A pesar de ti"";Selecting showtime ""21:40P. M.Sala 8"";Waiting for seats to be ready;Waiting for seats to be ready;Waiting for seat picker container;Selecting seat [Row 8, Seat 16];Selecting seat [Row 8, Seat 15];Selecting seat [Row 8, Seat 14];Selecting seat [Row 8, Seat 13];Confirming selected seats;Wait for ""Continue as Guest"" button;Click ""Continue as Guest"" button;Click on .v-number-input__button--plus;Click on .v-number-input__button--plus;Click on .v-number-input__button--plus;Click on .v-number-input__button--plus;Wait for .order-totals-button-container .v-button, .order-totals-button to be visible;Click on .order-totals-button-container .v-button, .order-totals-button;Handling the bar modal;Filling out the form;Accepting terms and conditions;Clicking the continue button;Confirming popup;Expanding payment accordion;Entering card data (card number & PIN);Clicking pay button",";;;;;;;;;;;;;;;;;;;;;;;;;;;;;;","Step completes successfully;Element should be visible;Click action completes;Selection completes successfully;Step completes successfully;Selection completes successfully;Selection completes successfully;Page loads successfully;Page loads successfully;Page loads successfully;Selection completes successfully;Selection completes successfully;Selection completes successfully;Selection completes successfully;Selection completes successfully;Page loads successfully;Click action completes;Click action completes;Click action completes;Click action completes;Click action completes;Element should be visible;Click action completes;Step completes successfully;Step completes successfully;Step completes successfully;Click action completes;Step completes successfully;Step completes successfully;Step completes successfully;Click action completes"
"Transparency page display and layout","Automatic","Cinesa Platform","Footer - Site Navigation","Transparency page display and layout","Footer - Site Navigation","","Navigate to https://www.cinesa.es;Wait for #onetrust-banner-sdk to be visible;Click #onetrust-accept-btn-handler (with overlay handling);Click on a[href=""/quienes-somos/transparencia/""]",";;;","Step completes successfully;Element should be visible;Click action completes;Click action completes"
"Navigate through Random Movies from Now Showing","Automatic","Cinesa Platform","Movies - Content Catalog","Random movie navigation - Now Showing tab","Movies - Content Catalog","","Navigate to https://www.cinesa.es;Wait for #onetrust-banner-sdk to be visible;Click #onetrust-accept-btn-handler (with overlay handling);Click on nav.header-nav a[href=""/peliculas/""];Wait for #onetrust-banner-sdk to be visible;Click on button.v-tab__button:has-text(""En cartelera"")",";;;;;","Step completes successfully;Element should be visible;Click action completes;Click action completes;Element should be visible;Click action completes"
"Privacy Policy page display and layout","Automatic","Cinesa Platform","Footer - Site Navigation","Privacy Policy page display and layout","Footer - Site Navigation","","Navigate to https://www.cinesa.es;Wait for #onetrust-banner-sdk to be visible;Click #onetrust-accept-btn-handler (with overlay handling);Click on a[href=""/documentos-legales/politica-privacidad/""]",";;;","Step completes successfully;Element should be visible;Click action completes;Click action completes"
"UNLIMITED CARD Conditions page redirection test","Automatic","Cinesa Platform","Footer - Site Navigation","UNLIMITED CARD Conditions navigation and URL validation","Footer - Site Navigation","","Navigate to https://www.cinesa.es;Wait for #onetrust-banner-sdk to be visible;Click on a[href=""/documentos-legales/condiciones-unlimited/""];Validating UNLIMITED CARD Conditions page URL",";;;","Step completes successfully;Element should be visible;Click action completes;Navigation completes successfully"
"Buy ticket with Classic menu - Oasiz","Automatic","Cinesa Platform","Bar & Food Services","Compra con Menú Clásico - 1 entrada","Bar & Food Services","","Navigate to https://www.cinesa.es;Wait for #onetrust-banner-sdk to be visible;Click nav.header-nav a[href=""/cines/""] (with overlay handling);Selecting Oasiz cinema;Getting list of film names from cinema detail page;Selecting film with name ""Tron: Ares"";Selecting showtime ""21:50P. M.Sala 10"";Waiting for seats to be ready;Waiting for seats to be ready;Waiting for seat picker container;Selecting seat [Row 6, Seat 16];Confirming selected seats;Wait for ""Continue as Guest"" button;Click ""Continue as Guest"" button;Click on .v-number-input__button--plus;Wait for .order-totals-button-container .v-button, .order-totals-button to be visible;Click on .order-totals-button-container .v-button, .order-totals-button;Handling the bar modal;Click on button.v-tab__button:has-text(""MENU"") >> nth=0;Seleccionar última opción de cada sección del modal y añadir a la compra",";;;;;;;;;;;;;;;;;;;","Step completes successfully;Element should be visible;Click action completes;Selection completes successfully;Step completes successfully;Selection completes successfully;Selection completes successfully;Page loads successfully;Page loads successfully;Page loads successfully;Selection completes successfully;Selection completes successfully;Page loads successfully;Click action completes;Click action completes;Element should be visible;Click action completes;Step completes successfully;Click action completes;Step completes successfully"
"Whistleblowing Policy display and layout","Automatic","Cinesa Platform","Footer - Site Navigation","Whistleblowing Policy PDF display and layout","Footer - Site Navigation","","Navigate to https://www.cinesa.es;Wait for #onetrust-banner-sdk to be visible;Click #onetrust-accept-btn-handler (with overlay handling);Click on a[href*=""whistleblowing-policy""];Validating Whistleblowing Policy PDF download",";;;;","Step completes successfully;Element should be visible;Click action completes;Click action completes;Step completes successfully"
"Infantil y Colegios page redirection test","Automatic","Cinesa Platform","Footer - Site Navigation","Infantil y Colegios navigation and URL validation","Footer - Site Navigation","","Navigate to https://www.cinesa.es;Wait for #onetrust-banner-sdk to be visible;Click on a[href=""/infantil/""];Validating Infantil y Colegios page URL",";;;","Step completes successfully;Element should be visible;Click action completes;Navigation completes successfully"
"Eventos page redirection test","Automatic","Cinesa Platform","Footer - Site Navigation","OCG-3287 - Eventos navigation and URL validation","Footer - Site Navigation","OCG-3287","Navigate to https://www.cinesa.es;Wait for #onetrust-banner-sdk to be visible;Click #onetrust-accept-btn-handler (with overlay handling);Click on a[href=""/eventos/""];Validating Eventos page URL",";;;;","Step completes successfully;Element should be visible;Click action completes;Click action completes;Navigation completes successfully"
"Select companion and wheelchair seat - Grancasa","Automatic","Cinesa Platform","Seat Picker - Seat Selection","Wheelchair and companion seat selection","Seat Picker - Seat Selection","","Navigate to https://www.cinesa.es;Wait for #onetrust-banner-sdk to be visible;Click #onetrust-accept-btn-handler (with overlay handling);TC: https://se-ocg.atlassian.net/browse/COMS-4853;Click nav.header-nav a[href=""/cines/""] (with overlay handling);Selecting Grancasa cinema;Getting list of film names from cinema detail page;Selecting film with name ""Predator: Badlands"";Selecting showtime ""19:30P. M.Sala 3"";Waiting for seats to be ready;Waiting for seat picker container",";;;;;;;;;;","Step completes successfully;Element should be visible;Click action completes;Step completes successfully;Click action completes;Selection completes successfully;Step completes successfully;Selection completes successfully;Selection completes successfully;Page loads successfully;Page loads successfully"
"Select one sofa seat correctly - Grancasa","Automatic","Cinesa Platform","Seat Picker - Seat Selection","D-BOX sofa seat selection and validation","Seat Picker - Seat Selection","","Navigate to https://www.cinesa.es;Wait for #onetrust-banner-sdk to be visible;Click #onetrust-accept-btn-handler (with overlay handling);TC: https://se-ocg.atlassian.net/browse/COMS-4853;Click nav.header-nav a[href=""/cines/""] (with overlay handling);Selecting Grancasa cinema;Getting list of film names from cinema detail page",";;;;;;","Step completes successfully;Element should be visible;Click action completes;Step completes successfully;Click action completes;Selection completes successfully;Step completes successfully"
"Modern Slavery Declaration redirection test","Automatic","Cinesa Platform","Footer - Site Navigation","Modern Slavery Declaration PDF navigation and URL validation","Footer - Site Navigation","","Navigate to https://www.cinesa.es;Wait for #onetrust-banner-sdk to be visible;Click on a[href*=""modernslavery""];Validating Modern Slavery PDF download",";;;","Step completes successfully;Element should be visible;Click action completes;Step completes successfully"
"Cinesa Promotions page redirection test","Automatic","Cinesa Platform","Promotions - Marketing","Promotions page URL redirection validation","Promotions - Marketing","","Navigate to https://www.cinesa.es;Wait for #onetrust-banner-sdk to be visible;Click #onetrust-accept-btn-handler (with overlay handling);Click on nav.header-nav a[href=""/promociones/""]",";;;","Step completes successfully;Element should be visible;Click action completes;Click action completes"
"should redirect to coupons page in new tab","Automatic","Cinesa Platform","Coupons - Discount System","Coupons navigation in new tab","Coupons - Discount System","","Navigate to https://www.cinesa.es;Wait for #onetrust-banner-sdk to be visible;Click on nav.header-nav a[target=""_blank""][href*=""cinesabusiness.es/promociones""]",";;","Step completes successfully;Element should be visible;Click action completes"
"Work With Us page display and layout","Automatic","Cinesa Platform","Footer - Site Navigation","Work With Us page display and layout","Footer - Site Navigation","","Navigate to https://www.cinesa.es;Wait for #onetrust-banner-sdk to be visible;Click on a[href=""https://cinesa-uci.jobtrain.co.uk/cinesajobs/Home/Job""];Taking screenshot",";;;","Step completes successfully;Element should be visible;Click action completes;Step completes successfully"
"Attempt to select seats leaving empty space between selection - Grancasa","Automatic","Cinesa Platform","Seat Picker - Seat Selection","Seat selection validation rules","Seat Picker - Seat Selection","","Navigate to https://www.cinesa.es;Wait for #onetrust-banner-sdk to be visible;Click #onetrust-accept-btn-handler (with overlay handling);TC: https://se-ocg.atlassian.net/browse/COMS-5620;Click nav.header-nav a[href=""/cines/""] (with overlay handling);Selecting Grancasa cinema;Getting list of film names from cinema detail page;Selecting film with name ""Bugonia"";Selecting showtime ""22:00P. M.Sala 2"";Waiting for seats to be ready;Waiting for seats to be ready;Waiting for seat picker container",";;;;;;;;;;;","Step completes successfully;Element should be visible;Click action completes;Step completes successfully;Click action completes;Selection completes successfully;Step completes successfully;Selection completes successfully;Selection completes successfully;Page loads successfully;Page loads successfully;Page loads successfully"
"should click each navbar element and navigate accordingly DEMO test","Automatic","Cinesa Platform","Navbar - Main Navigation","Navegación por todos los elementos del navbar","Navbar - Main Navigation","","Navigate to https://www.cinesa.es;Wait for #onetrust-banner-sdk to be visible;Click #onetrust-accept-btn-handler (with overlay handling);Clicking on nav element and verifying navigation to https://www.cinesa.es/cines/;Navigate to https://www.cinesa.es",";;;;","Step completes successfully;Element should be visible;Click action completes;Navigation completes successfully;Step completes successfully"
"should display coupons page layout correctly","Automatic","Cinesa Platform","Coupons - Discount System","Coupons page display and layout","Coupons - Discount System","","Navigate to https://www.cinesa.es;Wait for #onetrust-banner-sdk to be visible;Click #onetrust-accept-btn-handler (with overlay handling);Click on nav.header-nav a[target=""_blank""][href*=""cinesabusiness.es/promociones""]",";;;","Step completes successfully;Element should be visible;Click action completes;Click action completes"
"should click logo and stay on home","Automatic","Cinesa Platform","Navbar - Main Navigation","Click en logo mantiene home","Navbar - Main Navigation","","Navigate to https://www.cinesa.es;Wait for #onetrust-banner-sdk to be visible;Click #onetrust-accept-btn-handler (with overlay handling);Click on header .logo a:first-child;Validating that URL remains home",";;;;","Step completes successfully;Element should be visible;Click action completes;Click action completes;Navigation completes successfully"